{"levels":[{"inputs":[0.0,0.0,0.0,0.0,0.0],"outputs":[0.0,0.0,0.0,0.0,0.0,0.0],"weights":[[0.02949877,0.18105693,-0.087899014,-0.0015465394,0.22262356,0.12472511],[-0.107909195,0.0787648,-0.022396564,0.32403064,0.12220848,-0.14128272],[0.023371741,-0.01697193,0.09261315,0.115736715,0.1293298,0.06521335],[0.06170666,-0.1170491,-0.027762823,-0.052495636,-0.116874695,0.06976373],[-0.005771816,-0.11372526,0.08153072,-0.18160978,0.103884794,0.31607282]],"biases":[-0.047831852,0.073823795,0.27793428,0.07395412,0.21262226,-0.022975083]},{"inputs":[0.0,0.0,0.0,0.0,0.0,0.0],"outputs":[0.0,0.0,0.0,0.0],"weights":[[-0.1790233,0.22024554,-0.003929466,0.14563817],[0.035803385,-0.026975576,0.0006169602,0.015469976],[-0.11813164,-0.061740763,0.1229094,-0.0046718493],[0.11977863,-0.021005541,0.012667894,0.056188792],[-0.022053955,-0.073673874,-0.11276175,0.022714807],[0.25610626,-0.11164383,0.021498904,-0.05854445]],"biases":[0.022807758,0.05511096,-0.14601232,0.021608956]}]}