{"levels":[{"inputs":[0.0,0.0,0.0,0.0,0.0],"outputs":[0.0,0.0,0.0,0.0,0.0,0.0],"weights":[[-0.07325837,0.025506565,-0.00872021,-0.0562896,-0.039427098,0.044746347],[0.0120545225,-0.109943934,0.042428173,0.040123507,-0.02753891,-0.04664608],[-0.008414034,-0.057282463,0.02670199,-0.040261764,0.040128462,0.015626587],[-0.07376528,0.027017072,-0.0031114887,-0.12242187,0.0022894316,0.028604208],[-0.04445895,0.016247537,-0.057087746,0.059228353,-0.06031275,0.009811121]],"biases":[0.03564603,-0.057037354,0.02036724,0.10875811,0.03378795,-0.04665747]},{"inputs":[0.0,0.0,0.0,0.0,0.0,0.0],"outputs":[0.0,0.0,0.0,0.0],"weights":[[0.003195445,-0.050018348,0.036788404,-0.06949288],[0.056481473,0.08105836,-0.089154355,-0.055550855],[0.016347295,-0.11678408,-0.001019978,0.037156597],[-0.016896171,0.058687404,0.00813437,0.02047274],[0.05677452,-0.03012532,0.00094930455,-0.028813815],[-0.04998053,-0.025036244,-0.04787396,-0.023306476]],"biases":[-0.0012979573,0.09936747,-0.056752533,0.02294951]}]}