{"levels":[{"inputs":[0.0,0.0,0.0,0.0,0.0,0.0,0.0],"outputs":[0.0,0.0,0.0,0.0,0.0,0.0,0.0,0.0],"weights":[[0.042580813,0.16484374,0.23830993,0.0019080788,0.038514715,0.25468278,0.09765805,0.18535969],[0.25159758,-0.04708538,0.067276604,0.28146517,0.11073592,0.22752237,0.14455505,-0.025670707],[0.17298135,0.11765322,0.04532587,-0.004360918,0.20669663,0.2215116,0.21392038,0.22446091],[0.28143388,0.20917298,-0.0067996923,0.16613542,0.23341228,0.10092169,0.057805896,0.35216558],[0.2571722,-0.004238367,0.06003757,0.33075896,-0.036495794,0.38401267,0.22196591,0.3413719],[0.12168959,0.10656187,0.31783003,0.3320408,0.080688536,0.15903082,0.104579374,0.23464862],[0.087933056,0.039488733,0.18008366,-0.035579573,0.09911639,-0.002148056,0.032611415,0.170515]],"biases":[0.024275167,0.19324724,0.12691042,0.2518355,0.20568153,0.16561897,0.15707587,0.21562332]},{"inputs":[0.0,0.0,0.0,0.0,0.0,0.0,0.0,0.0],"outputs":[0.0,0.0,0.0,0.0],"weights":[[0.031294346,0.056666836,0.063355595,0.12851223],[-0.024084494,0.0110955,0.14612284,0.04546386],[0.19712594,-0.04998958,0.17899154,0.24023542],[0.044821266,0.25574827,0.18765244,0.019654065],[0.29122907,0.16797736,0.1629872,-0.096616685],[0.1678595,0.06002503,0.06828882,0.21435988],[-0.10516186,-0.0399717,-0.0023562843,0.15546858],[0.07502687,0.05028814,0.13117006,0.08642787]],"biases":[0.24698171,0.3492742,0.2843263,0.21928023]}]}