{"levels":[{"inputs":[0.0,0.0,0.0,0.0,0.0],"outputs":[0.0,0.0,0.0,0.0,0.0,0.0],"weights":[[-0.06458326,0.063449554,0.032899868,0.07837681,-0.045391276,-0.03410513],[-0.10044629,-0.12196334,0.0827928,0.013503301,0.00369299,0.00070042897],[0.12898597,0.0026478134,0.10233061,0.14902477,0.022106975,0.06059841],[-0.026400816,-0.09421701,0.048320647,-0.19987915,0.1813556,0.08032845],[0.078137435,-0.06436568,-0.05980422,0.08495036,-0.034977704,0.0028685597]],"biases":[-0.02493231,-0.10017392,0.047696054,-0.010736884,0.13247068,-0.18947442]},{"inputs":[0.0,0.0,0.0,0.0,0.0,0.0],"outputs":[0.0,0.0,0.0,0.0],"weights":[[0.023520887,-0.10592214,-0.03413339,-0.0543859],[0.17830311,-0.060488693,-0.26886448,0.006888928],[-0.016894637,0.038414676,-0.10551904,0.06512962],[0.16483887,0.034709718,0.022892367,0.007714461],[0.114025176,-0.028265188,0.049712494,-0.0652707],[-0.002163911,-0.072519064,0.06721431,0.04483835]],"biases":[0.06358942,0.15700173,-0.05470335,0.017363288]}]}