{"levels":[{"inputs":[0.0,0.0,0.0,0.0,0.0],"outputs":[0.0,0.0,0.0,0.0,0.0,0.0],"weights":[[0.74330616,0.6649306,0.22397083,0.58368,0.8735674,0.00709486],[0.18687332,0.6838199,0.01965952,0.63354737,0.26361042,0.050901473],[0.72151494,0.27956492,0.1958347,0.5585416,0.06524849,0.897168],[0.6119519,0.6367499,0.25334573,0.9719231,0.8515309,0.4525054],[0.61686385,0.9522335,0.7430119,0.30256176,0.9009722,0.23675251]],"biases":[0.1876235,0.8298769,0.74759275,0.8837596,0.41588044,0.65817606]},{"inputs":[0.0,0.0,0.0,0.0,0.0,0.0],"outputs":[0.0,0.0,0.0,0.0],"weights":[[0.9780008,0.8934328,0.57560825,0.7278765],[0.45720077,0.5026269,0.46862113,0.9494521],[0.7693852,0.5338904,0.5446498,0.9923519],[0.5430278,0.32241488,0.13796502,0.19875145],[0.7022237,0.048584938,0.8991454,0.4321159],[0.43678975,0.88935035,0.20020908,0.5738864]],"biases":[0.6175324,0.97564244,0.9890047,0.76490766]}]}