{"levels":[{"inputs":[0.17999974,0.17999974,0.17999974,0.17999974,0.17999974],"outputs":[0.0,1.0,0.0,0.0,1.0,0.0],"weights":[[0.6795634,0.3109533,0.83165497,0.33232296,0.69651544,0.3076896],[0.48695004,0.70157075,0.1855861,0.6224323,0.04846099,0.14878449],[0.2747687,0.1183374,0.008899923,0.4855137,0.69144523,0.6718239],[0.3906554,0.024625573,0.2407678,0.2595399,0.28382432,0.3164013],[0.18179448,0.648323,0.01759433,-0.0037578773,0.63248074,0.68635666]],"biases":[0.6592251,0.029009152,0.3854953,0.33104658,0.061206575,0.5570059]},{"inputs":[0.0,1.0,0.0,0.0,1.0,0.0],"outputs":[1.0,0.0,1.0,1.0],"weights":[[0.3100834,0.48074824,0.20838156,0.60580647],[0.5283475,-0.13415645,0.38944244,0.06657832],[0.43182048,0.4472315,-0.07217911,0.74180526],[0.77286637,0.574538,0.62669045,0.68956137],[0.3312978,0.237793,0.37565905,0.33028194],[0.22294122,0.5723685,0.266985,0.47172844]],"biases":[0.80599123,0.6017138,0.25152516,0.23799205]}]}