{"levels":[{"inputs":[0.0,0.0,0.0,0.0,0.0],"outputs":[0.0,0.0,0.0,0.0,0.0,0.0],"weights":[[-0.0072135003,0.023872023,0.034486767,0.046166047,-0.05111295,0.00701896],[-0.032012943,-0.06673177,0.049072213,0.0637739,-0.020702343,-0.024496842],[0.1108669,0.009081516,0.059651334,0.102796696,0.034767695,0.057876572],[-0.06275101,-0.033267714,-0.0039313063,-0.1026517,0.115125604,0.045989186],[0.034461834,-0.019541062,-0.04715839,0.044668157,0.0030356427,0.03875554]],"biases":[-0.030808708,-0.04069006,-0.033904474,0.046214964,0.08819513,-0.11164066]},{"inputs":[0.0,0.0,0.0,0.0,0.0,0.0],"outputs":[0.0,0.0,0.0,0.0],"weights":[[-0.018607687,-0.022022631,-0.0094587635,-0.020703696],[0.10951032,-0.022142814,-0.19552773,0.018632941],[0.02559938,-0.03282586,0.0057752216,0.032604903],[0.11663036,-0.031234292,0.059757497,0.06122762],[0.059392966,-0.0032058079,0.0036185216,-0.05747007],[-0.029801268,0.02964717,0.06622914,-0.024350947]],"biases":[0.021367282,0.06308265,-0.032849584,0.009868312]}]}