{"levels":[{"inputs":[0.0,0.0,0.0,0.0,0.0,0.0,0.0],"outputs":[0.0,0.0,0.0,0.0,0.0,0.0,0.0,0.0],"weights":[[0.044506233,0.17771545,0.21546465,-0.003622536,0.035089772,0.2596058,0.10338339,0.19494617],[0.23712853,-0.07115376,0.06173351,0.25756842,0.12523822,0.23630665,0.12320629,-0.02995915],[0.1660358,0.110759936,0.068528794,-0.019411694,0.20835575,0.22094001,0.20811442,0.19488081],[0.257091,0.18841098,-0.009981052,0.1345362,0.20501627,0.08075268,0.05346697,0.33782092],[0.26589015,-0.007150279,0.039780267,0.317117,-0.049100555,0.34781212,0.1846814,0.33274198],[0.09409585,0.07168281,0.31489244,0.32885382,0.08190445,0.17675586,0.084457085,0.23396552],[0.05647863,0.03266872,0.17175618,-0.042069163,0.112566,0.011414727,0.014457683,0.16852252]],"biases":[-0.0019235737,0.17667535,0.1424448,0.25120535,0.18870088,0.11810824,0.13213725,0.21221144]},{"inputs":[0.0,0.0,0.0,0.0,0.0,0.0,0.0,0.0],"outputs":[0.0,0.0,0.0,0.0],"weights":[[0.046452373,0.048531186,0.04583957,0.12506726],[-0.02437054,0.0042653386,0.13336816,0.0367716],[0.16738173,-0.009425786,0.1435494,0.21461108],[0.03825501,0.23532169,0.17522298,-0.021398123],[0.27708563,0.20189296,0.1564028,-0.07554754],[0.13271034,0.04116167,0.03219635,0.18585224],[-0.092126176,-0.06897824,0.008475746,0.13345377],[0.073406264,0.037517242,0.12770985,0.089163564]],"biases":[0.20588672,0.32246065,0.27884856,0.19024427]}]}