{"levels":[{"inputs":[0.0,0.0,0.0,0.0,0.0,0.0,0.0],"outputs":[0.0,0.0,0.0,0.0,0.0,0.0,0.0,0.0],"weights":[[0.18365616,0.29264265,0.48446432,0.15368083,0.06389662,0.59675044,0.19575134,0.38096586],[0.526893,-0.07526426,0.23680773,0.39209837,0.13975152,0.5054996,0.32132882,-0.019954957],[0.32078677,0.32025635,0.062267855,0.036407687,0.41122752,0.30630973,0.5131346,0.46076584],[0.60963416,0.38020974,-0.024912938,0.47320217,0.46403158,0.087962486,0.13212824,0.59211886],[0.5711516,0.066984124,0.06290113,0.6335411,-0.019205391,0.8107324,0.52285355,0.6095451],[0.11478485,0.20815742,0.5685129,0.63315475,0.1549579,0.2716058,0.20694162,0.47652942],[0.21008223,0.06049592,0.3765093,-0.03667412,0.20881765,-0.03361039,0.12628561,0.36747274]],"biases":[0.09004072,0.31188565,0.2796006,0.47024375,0.4044417,0.49628046,0.38164455,0.28794295]},{"inputs":[0.0,0.0,0.0,0.0,0.0,0.0,0.0,0.0],"outputs":[0.0,0.0,0.0,0.0],"weights":[[0.15691811,0.2361907,0.104930885,0.248209],[-0.02020838,0.067860395,0.27855688,0.16053239],[0.38524646,0.042743307,0.38400164,0.46805525],[0.13573794,0.43173775,0.2747756,0.062405836],[0.49624917,0.48028353,0.3817589,-0.097037174],[0.4170498,0.15029022,0.113038614,0.5087372],[-0.15478429,-0.20757219,-0.01977392,0.32388052],[0.20298846,0.096647695,0.118456386,0.10626513]],"biases":[0.6635399,0.63611984,0.4490549,0.46227372]}]}