{"levels":[{"inputs":[0.0,0.0,0.0,0.0,0.0],"outputs":[0.0,0.0,0.0,0.0,0.0,0.0],"weights":[[0.1046415,0.7236427,-0.07408571,0.40124252,0.16283928,0.55110866],[-0.0029028058,0.19534989,0.034418106,0.4593423,0.45069206,0.14072084],[0.31297654,0.4563013,0.23225352,0.78317827,0.6037592,0.87555814],[0.29873526,0.49640208,0.6809895,0.04488756,0.42047015,0.15570155],[0.17331064,0.3549314,0.27477476,0.60260713,0.5740356,0.10845436]],"biases":[0.70919377,0.37207538,0.8294228,0.07907091,0.43495327,0.7443685]},{"inputs":[0.0,0.0,0.0,0.0,0.0,0.0],"outputs":[0.0,0.0,0.0,0.0],"weights":[[0.31445652,0.4857739,0.25452483,0.5560877],[0.08615152,0.268052,0.112397425,0.12069125],[0.7111764,0.23772661,0.10129478,0.44441748],[0.36817023,0.048120823,0.13687006,0.038461458],[0.743091,0.028336735,0.11783208,0.7353187],[0.5651749,0.33165202,0.5105694,0.24084845]],"biases":[-0.013560124,0.537302,0.18508002,0.6933852]}]}