{"levels":[{"inputs":[0.0,0.0,0.0,0.0,0.0],"outputs":[0.0,0.0,0.0,0.0,0.0,0.0],"weights":[[-0.11977745,0.17715433,0.15564959,-0.06191525,0.6428413,0.36538893],[0.3453261,0.4432491,0.4581466,0.7055226,0.099596314,0.65447855],[0.46016204,0.13635564,0.22847895,0.6856457,0.5425397,0.4374272],[0.21969335,-0.18011852,0.18306047,-0.08836305,0.2608822,0.618798],[0.3528829,0.42386523,0.48631182,0.5773655,0.35338554,0.70426446]],"biases":[0.7934429,0.7739632,0.70991576,0.22985728,0.25253558,0.5165388]},{"inputs":[0.0,0.0,0.0,0.0,0.0,0.0],"outputs":[0.0,0.0,0.0,0.0],"weights":[[0.27992156,0.11235105,0.23466977,0.16710272],[0.18070057,0.36333773,0.55439276,0.0032625645],[0.48654526,0.5926523,0.8024769,0.53302354],[0.7612568,0.31615815,0.17616019,0.5646234],[0.49711943,0.29006448,0.07282458,0.12133603],[0.33421892,0.55579656,0.16580044,0.3140694]],"biases":[0.2437006,0.6563183,0.77907664,0.3257422]}]}