{"levels":[{"inputs":[0.17999962,0.17999962,0.17999962,0.17999962,0.17999962],"outputs":[0.0,1.0,0.0,0.0,1.0,0.0],"weights":[[0.70583713,0.33138567,0.9741325,0.46398535,0.68284076,0.41081432],[0.56942314,0.7045701,0.19919199,0.68621206,-0.03564819,0.17219222],[0.30440876,0.20984884,0.061058704,0.44112864,0.73076797,0.6542663],[0.4544644,0.0022835312,0.18693243,0.38411835,0.3598615,0.32272765],[0.23473229,0.8143849,0.09316958,-0.01983454,0.8132191,0.7144559]],"biases":[0.82264453,0.04009354,0.46584135,0.42805833,0.10144122,0.6506485]},{"inputs":[0.0,1.0,0.0,0.0,1.0,0.0],"outputs":[1.0,0.0,1.0,1.0],"weights":[[0.37686914,0.45819443,0.29912624,0.7331677],[0.57769436,-0.052271098,0.33777797,0.1452002],[0.53530025,0.39343402,-0.024949834,0.85293156],[0.78478384,0.7417967,0.76632595,0.84692895],[0.2656324,0.29766575,0.4415814,0.41446412],[0.15948583,0.5740693,0.25650117,0.5205301]],"biases":[0.79148763,0.7394513,0.29385483,0.18638292]}]}