{"levels":[{"inputs":[0.0,0.0,0.0,0.0,0.0,0.0,0.0],"outputs":[0.0,0.0,0.0,0.0,0.0,0.0,0.0,0.0],"weights":[[0.04556009,0.17589049,0.25514114,0.015403518,0.056045167,0.2724705,0.09770714,0.20086879],[0.26361236,-0.05627802,0.069004245,0.29335558,0.10888525,0.25472036,0.14803202,-0.029872645],[0.16699857,0.11682289,0.063229494,0.01860042,0.19688804,0.22339813,0.20555887,0.23482803],[0.3110307,0.22688513,-0.010202591,0.17859896,0.25740096,0.09139952,0.04979348,0.3495316],[0.25542408,0.0013954053,0.058775697,0.3418814,-0.035501868,0.41644862,0.2210096,0.34744757],[0.13013685,0.08166799,0.3222696,0.3494028,0.09201728,0.1473507,0.11462224,0.24794686],[0.1057586,0.039598115,0.19161808,-0.029886363,0.08459972,0.004460242,0.046030704,0.17776835]],"biases":[0.039036255,0.19835299,0.14473006,0.27045867,0.21960782,0.19140923,0.16140667,0.22243711]},{"inputs":[0.0,0.0,0.0,0.0,0.0,0.0,0.0,0.0],"outputs":[0.0,0.0,0.0,0.0],"weights":[[0.050827883,0.06498599,0.04253198,0.145743],[-0.03674659,0.018880367,0.1348426,0.049631022],[0.19371086,-0.044068176,0.1703341,0.22547013],[0.0440987,0.28574714,0.1859785,0.030824646],[0.31812006,0.17257045,0.17894244,-0.102470994],[0.17795508,0.0690747,0.05098655,0.21236636],[-0.096277624,-0.05448064,-0.013955132,0.15304063],[0.08205806,0.030766271,0.14194521,0.06832076]],"biases":[0.27956018,0.36607167,0.30412322,0.22666983]}]}