{"levels":[{"inputs":[0.0,0.0,0.0,0.0,0.0,0.0,0.0,0.0],"outputs":[0.0,0.0,0.0,0.0,0.0,0.0,0.0,0.0,0.0],"weights":[[0.03591016,0.19477846,0.3409585,0.06381589,0.40536335,0.42984033,0.11636478,0.180191,0.3282734],[-0.058664933,0.10243857,0.19485217,0.0968365,0.17338715,0.13450198,0.23671368,-0.0038781501,0.26268926],[0.3663704,0.3994639,0.24554588,0.18778971,0.05988984,0.018043466,0.124218784,0.1641563,0.13626955],[0.11868771,0.18846473,0.35819045,0.1670775,0.21882167,0.20314196,0.22564343,0.21796323,0.15742956],[0.03457228,0.33878475,0.28591958,0.16143946,-0.0022114553,0.16094245,0.18566641,0.20886792,0.014027614],[0.37553445,0.35769746,0.21173836,0.11445516,0.35790157,0.068745546,-0.077720016,-0.017790198,0.30121005],[0.17946038,0.14806461,0.028897025,0.18250978,0.30037278,0.26580375,0.15760241,0.19567247,-0.043278184],[-0.021093745,0.16667739,0.19898617,-0.04173784,0.17221639,0.24607876,0.21975206,-0.05793128,0.36897323]],"biases":[0.1844698,0.21924019,0.2365408,0.22744335,0.2213669,0.10456871,0.17918783,0.3207681,0.31763104]},{"inputs":[0.0,0.0,0.0,0.0,0.0,0.0,0.0,0.0,0.0],"outputs":[0.0,0.0,0.0,0.0],"weights":[[-0.011093781,0.023826418,0.095751196,0.34198797],[0.18893611,-0.01690067,0.11531551,0.059193928],[0.034956515,-0.033064913,0.19008264,0.106205374],[0.22125182,0.15247802,0.030340727,0.14860088],[0.09455335,0.103419624,0.11196153,0.0979062],[0.18162751,0.12127998,0.03214793,0.22250824],[0.2889056,0.022742404,0.18208173,0.37807176],[0.01721439,0.09132925,-0.0048905034,0.077363364],[0.25371322,0.03892857,0.21263647,0.35611382]],"biases":[0.4873649,0.25570995,0.21107359,0.3666294]}]}