{"levels":[{"inputs":[0.0,0.0,0.0,0.0,0.0],"outputs":[0.0,0.0,0.0,0.0,0.0,0.0],"weights":[[0.2403711,0.17873967,0.69952846,0.29553765,-0.068051584,0.4513657],[0.13216706,0.31611615,0.6813151,0.26166427,0.686045,0.3342099],[0.7663672,0.7454743,0.4397331,0.6867456,0.14168458,0.004894607],[0.50208795,0.4656417,0.7911373,0.8961766,0.48051873,0.73127186],[0.41371,0.8508847,-0.03676798,0.74321014,0.5363552,0.6694042]],"biases":[0.54055345,0.06449579,0.7843114,0.53554887,0.4273982,0.79415536]},{"inputs":[0.0,0.0,0.0,0.0,0.0,0.0],"outputs":[0.0,0.0,0.0,0.0],"weights":[[0.89969254,0.28894028,0.8799326,0.6885241],[0.12219093,0.38555914,0.28674763,0.8212862],[0.8186856,0.8245191,0.46257174,0.7638837],[0.18363723,0.60025275,0.74194103,0.2104177],[0.21217743,0.5619376,0.3378526,0.7227424],[0.35168687,0.08992952,0.3929319,0.08181362]],"biases":[0.52990043,0.021169012,0.53187513,0.79874086]}]}