{"levels":[{"inputs":[0.0,0.0,0.0,0.0,0.0,0.0,0.0],"outputs":[0.0,0.0,0.0,0.0,0.0,0.0,0.0,0.0],"weights":[[-0.015608174,0.75784445,0.034998056,0.05555564,0.20723376,0.5459913,0.42388573,0.30739155],[0.56655824,0.26064292,0.26503336,0.07382803,0.27570057,0.5812969,0.5274303,0.60329086],[0.43923688,0.43993968,0.35655835,0.16812554,0.42936364,0.32831845,0.20097639,0.04851659],[0.32838503,0.14041314,0.21506298,0.33413187,0.68821716,0.3777994,0.08790522,0.49474096],[0.49861503,0.5364987,0.18550947,0.049814004,0.5865091,0.21879949,0.06379074,0.085259706],[0.66846806,0.24981478,0.3975102,0.467609,0.19919094,0.2142414,0.40161237,0.23935798],[0.11144786,0.4005813,0.598666,-0.0021072063,0.7945111,0.42535493,0.3412099,0.34461406]],"biases":[0.52938944,0.038557217,0.5220796,0.09589245,0.50859934,0.6291014,0.61035997,0.56056696]},{"inputs":[0.0,0.0,0.0,0.0,0.0,0.0,0.0,0.0],"outputs":[0.0,0.0,0.0,0.0],"weights":[[0.032389507,0.60040027,0.32377172,0.7770464],[0.76787585,0.13612278,0.7040295,0.18928127],[0.25937393,0.28673807,0.3792496,0.05949746],[0.01864034,0.05631408,0.10190948,0.39146823],[0.31629413,0.3119423,0.6535113,0.4073],[0.271775,0.44968855,0.18376085,0.003894526],[0.52009195,0.35180768,0.5343352,0.022375247],[0.1109723,0.55009186,0.54720765,0.49105832]],"biases":[0.6804453,0.7234751,0.6782403,0.71751225]}]}