{"levels":[{"inputs":[0.0,0.0,0.0,0.7764076,0.8653058],"outputs":[1.0,0.0,1.0,1.0,1.0,0.0],"weights":[[0.5986194,0.08254804,0.2217787,0.48822632,0.14223358,0.3221205],[0.042460773,0.38791677,0.65110433,0.55617505,0.07208576,0.2518229],[-0.0394999,0.03117133,0.37685925,0.19021612,0.35918906,0.5275611],[0.16482627,0.3323791,0.32495758,0.22749741,0.16939907,0.6307839],[0.68667626,0.34343904,0.78696644,0.6199536,0.24011363,0.112208426]],"biases":[0.68582386,0.6181326,0.7678631,0.67969424,-0.07303564,0.81529164]},{"inputs":[1.0,0.0,1.0,1.0,1.0,0.0],"outputs":[1.0,1.0,1.0,1.0],"weights":[[0.64871395,0.05359635,0.3508823,0.56543654],[0.26186734,0.17498381,0.7139767,0.28217876],[0.27297565,0.36782438,0.45183232,0.74799633],[0.6374881,0.793083,0.5222158,0.21484762],[0.586041,0.24014781,0.01652867,-0.0068469355],[0.36640164,0.32433328,0.6381259,0.4116464]],"biases":[-0.07899527,0.765269,0.30914462,0.50910807]}]}