{"levels":[{"inputs":[0.17999962,0.17999962,0.17999962,0.17999962,0.17999962],"outputs":[0.0,0.0,0.0,0.0,1.0,1.0],"weights":[[0.43168414,0.19142722,0.1587649,0.3348307,0.20950899,0.2731181],[0.6350762,0.4913736,0.2562768,0.22843987,0.55911076,0.28036186],[0.4839204,0.65130794,0.52173626,0.13765967,0.5445655,0.4203252],[0.51371837,0.0593338,0.009756915,0.5413141,0.36018568,0.5141862],[0.6655804,0.117096424,0.1811009,0.2901631,0.5893014,0.5702282]],"biases":[0.66284674,0.47802597,0.4000925,0.48326614,0.09626885,0.15277535]},{"inputs":[0.0,0.0,0.0,0.0,1.0,1.0],"outputs":[1.0,0.0,1.0,1.0],"weights":[[-0.02240967,0.2500556,0.76354647,0.13328558],[0.5818687,0.3699706,0.2030778,0.74646544],[0.33447555,0.47777277,0.41557944,0.17245121],[0.18372226,0.07952325,0.4489765,0.52985084],[0.25334603,0.6067084,0.21621466,0.43931413],[0.55225444,0.04273697,0.74142534,0.49337345]],"biases":[0.42127204,0.66642165,0.37687126,0.50723994]}]}