{"levels":[{"inputs":[0.0,0.0,0.0,0.0,0.0,0.0,0.0],"outputs":[0.0,0.0,0.0,0.0,0.0,0.0,0.0,0.0],"weights":[[0.009485578,0.09479418,0.14884242,-0.02081617,0.035182565,0.13408321,0.05651265,0.101850584],[0.11988361,-0.06718245,0.030898672,0.16288722,0.06046631,0.11581858,0.056312844,0.040805142],[0.06301032,0.04452711,0.029051762,0.005758447,0.10839526,0.104658775,0.09222577,0.106421664],[0.19000895,0.11445303,-0.010010432,0.10330312,0.08401421,0.028833188,-0.041685194,0.18217196],[0.19215396,-0.0017019203,0.064777516,0.18848503,-0.018242491,0.26219234,0.09996521,0.203868],[0.07024122,0.11188591,0.18413424,0.1428368,0.09566931,0.11538768,0.0808087,0.1626536],[0.062619895,0.04881288,0.13264261,-0.030109007,0.075718105,0.028280165,-0.02997239,0.08075048]],"biases":[-0.009009741,0.11809673,0.054923415,0.14827424,0.0930212,0.084264696,0.08025514,0.11795425]},{"inputs":[0.0,0.0,0.0,0.0,0.0,0.0,0.0,0.0],"outputs":[0.0,0.0,0.0,0.0],"weights":[[-0.05114208,-0.008510061,0.01210906,0.061438978],[-0.003942568,-0.02881106,0.13616475,-0.02129811],[0.12103109,-0.014467431,0.11829431,0.10135361],[0.028576162,0.12490209,0.12162887,-0.0640348],[0.1372737,0.06831924,0.09260817,-0.01979046],[0.09741782,0.013667759,0.04523449,0.08737338],[-0.06630521,-0.08044515,0.0147837,0.075103484],[0.03142534,0.04219785,0.07364843,0.15444703]],"biases":[0.17507395,0.20300744,0.20247146,0.06852482]}]}