{"levels":[{"inputs":[0.0,0.0,0.0,0.0,0.0],"outputs":[0.0,0.0,0.0,0.0,0.0,0.0],"weights":[[0.18814352,0.22085838,0.15253657,0.01557792,-0.06992862,0.09263203],[0.025713932,-0.047476918,0.15217543,0.4009476,0.23354453,0.48011726],[0.28132832,0.14446378,-0.09508073,0.4235712,0.31886947,0.3612509],[0.08122653,0.31123585,-0.08673947,0.19783267,0.27240688,0.31037244],[0.06335968,0.1918005,0.19415295,0.24228247,0.16677916,-0.091859885]],"biases":[0.3716597,0.440922,0.26002032,0.1549099,0.1996554,0.25196427]},{"inputs":[0.0,0.0,0.0,0.0,0.0,0.0],"outputs":[0.0,0.0,0.0,0.0],"weights":[[0.16311266,0.42880192,0.39080766,0.0423282],[0.031677842,0.27244732,0.47009954,0.6135254],[0.14816907,0.1521351,0.21197183,0.3916768],[0.2274875,-0.0020956993,0.24024886,0.5345222],[0.03429351,0.109447315,0.039169457,0.073126994],[-0.11999945,0.35208955,0.040280573,0.45179644]],"biases":[0.3520633,0.33895805,0.27306795,-0.064770035]}]}