{"levels":[{"inputs":[0.0,0.0,0.0,0.0,0.0,0.0,0.0,0.0],"outputs":[0.0,0.0,0.0,0.0,0.0,0.0,0.0,0.0,0.0],"weights":[[0.052810885,0.1909615,0.3335551,0.06330437,0.4090598,0.4235534,0.12693352,0.1752522,0.3179671],[-0.06432166,0.09521813,0.18750635,0.09804343,0.17257191,0.14573732,0.224875,-0.0014351116,0.2580714],[0.3550969,0.38877568,0.23536016,0.19410866,0.06241217,0.0044241026,0.123786844,0.16771996,0.1277421],[0.11224909,0.18446107,0.36209643,0.17839366,0.22356866,0.19633047,0.22331795,0.22748794,0.16699801],[0.02427938,0.33553514,0.2810136,0.15944111,0.0018565967,0.16405356,0.16958693,0.19735558,0.02570875],[0.36337215,0.3384857,0.22147293,0.11099709,0.35184145,0.076418884,-0.08372769,-0.024847401,0.29446384],[0.16896537,0.15776956,0.029590614,0.17953376,0.28961802,0.26494497,0.17178231,0.20957573,-0.0340958],[-0.013134303,0.158573,0.19448726,-0.04967019,0.15875182,0.23320632,0.21935815,-0.04493011,0.35277236]],"biases":[0.17943159,0.22044286,0.23160054,0.22447287,0.21422254,0.10591508,0.1710062,0.32225883,0.32000506]},{"inputs":[0.0,0.0,0.0,0.0,0.0,0.0,0.0,0.0,0.0],"outputs":[0.0,0.0,0.0,0.0],"weights":[[-0.020389426,0.036856703,0.08895425,0.33731544],[0.17806697,-0.01424535,0.113022044,0.059792142],[0.018626528,-0.03254049,0.1931854,0.104812406],[0.21775511,0.13994147,0.025858711,0.13596892],[0.099934295,0.108102486,0.11365782,0.10165461],[0.16342624,0.10832716,0.034885608,0.22812887],[0.28585443,0.03036004,0.18286869,0.36734802],[0.010973977,0.08964856,-0.0011272021,0.08393802],[0.23337248,0.030416079,0.21084385,0.3383297]],"biases":[0.46614835,0.25399145,0.20080435,0.35705048]}]}