{"levels":[{"inputs":[0.0,0.0,0.0,0.0,0.0,0.0,0.0],"outputs":[0.0,0.0,0.0,0.0,0.0,0.0,0.0,0.0],"weights":[[-0.01608589,0.6830742,0.03860099,0.054365955,0.21488623,0.5174788,0.40552676,0.27522922],[0.5231918,0.23712572,0.25359386,0.075418465,0.26418015,0.5621612,0.48269555,0.54335016],[0.41374996,0.40319172,0.33601463,0.17527233,0.39956248,0.32876664,0.20048764,0.056396663],[0.31438813,0.13622245,0.21705152,0.33230308,0.6352797,0.36609802,0.06752807,0.48269165],[0.4783674,0.5040932,0.16770132,0.060396194,0.5601425,0.19858308,0.06178604,0.07601186],[0.63786936,0.2467559,0.3561187,0.4624458,0.18397477,0.21755831,0.38127315,0.2218756],[0.07199497,0.40164226,0.56936014,-0.01143373,0.73702115,0.3933765,0.3304971,0.32027975]],"biases":[0.4990842,0.033477213,0.52161837,0.10530634,0.4690895,0.5818445,0.57410395,0.4911752]},{"inputs":[0.0,0.0,0.0,0.0,0.0,0.0,0.0,0.0],"outputs":[0.0,0.0,0.0,0.0],"weights":[[0.02540323,0.55472857,0.3059534,0.7235418],[0.71631986,0.14244372,0.64444447,0.17354627],[0.2352301,0.27168068,0.360105,0.056666616],[0.03392668,0.061413806,0.10081911,0.38130972],[0.3124537,0.26891476,0.6099091,0.38625303],[0.26590633,0.4211245,0.17238389,-0.000845246],[0.48144194,0.32867226,0.47324952,0.014864716],[0.097253464,0.51967204,0.47603837,0.42748427]],"biases":[0.6225949,0.6511792,0.61644685,0.69341457]}]}