{"levels":[{"inputs":[0.0,0.0,0.0,0.0,0.0,0.0,0.0,0.0],"outputs":[0.0,0.0,0.0,0.0,0.0,0.0,0.0,0.0,0.0],"weights":[[0.2850584,0.88370025,0.6373543,0.5109065,0.0054485886,0.041600637,0.42459962,0.42631072,0.31480518],[0.21360824,0.4698326,0.08557117,0.6657659,0.52132076,0.5405934,0.27609304,0.43313617,0.3062458],[0.07598646,0.059037987,0.88760865,0.8544048,0.81259227,0.28204525,0.8352132,0.06397198,0.6223641],[0.33459488,0.9036403,0.27184668,0.27521196,0.2324117,0.69111764,0.8675588,0.51437837,0.9436048],[0.3281752,0.14080727,0.27154943,0.19753055,0.9716029,0.9666954,0.2550712,0.9382836,0.5478715],[0.13221306,0.6168402,0.9231757,0.8218147,0.7840791,0.5715556,0.053908978,0.25498196,0.0009574909],[0.13799085,0.7420127,0.6915765,0.56661725,0.66287774,0.39459276,0.057558518,0.7973638,0.15675163],[0.15562807,0.72463894,0.122271925,0.083780974,0.13508435,0.18252264,0.66712296,0.9386554,0.23606232]],"biases":[0.5869938,0.8893459,0.10432949,0.93874955,0.05853627,0.7889872,0.21156938,0.57711077,0.68731374]},{"inputs":[0.0,0.0,0.0,0.0,0.0,0.0,0.0,0.0,0.0],"outputs":[0.0,0.0,0.0,0.0],"weights":[[0.5657887,0.20270595,0.19808438,0.37628323],[0.42787978,0.086876914,0.53200644,0.7752949],[0.046726782,0.07621112,0.8722419,0.964646],[0.7514694,0.11910414,0.9149768,0.51683664],[0.7948034,0.121466614,-0.003838989,0.3802438],[0.6479541,0.3997943,0.72094333,0.91740793],[0.80514807,0.1267066,0.8081519,0.7502679],[0.24071273,0.17837767,0.22954589,0.7924286],[0.38080174,0.71357024,0.5652466,0.79874504]],"biases":[0.103505805,0.75369066,0.44912595,0.950722]}]}