{"levels":[{"inputs":[0.0,0.0,0.0,0.0,0.0],"outputs":[0.0,0.0,0.0,0.0,0.0,0.0],"weights":[[-0.045769647,0.2497561,0.12949368,0.03071454,0.63001376,0.4785959],[0.36298153,0.5636906,0.5067528,0.6747702,0.06736986,0.69580203],[0.49796164,0.17451245,0.25875401,0.6631793,0.5830123,0.40981847],[0.17094243,-0.09995758,0.096652485,-0.028494112,0.35403377,0.7165457],[0.355945,0.5477931,0.5573215,0.6759604,0.49914646,0.82671887]],"biases":[0.8351263,0.84382576,0.70095867,0.20946833,0.19258475,0.5408913]},{"inputs":[0.0,0.0,0.0,0.0,0.0,0.0],"outputs":[0.0,0.0,0.0,0.0],"weights":[[0.25119883,0.028709479,0.3117774,0.29209763],[0.17387027,0.36098325,0.7054609,-0.019994408],[0.5481531,0.6710033,0.8558019,0.5595529],[0.7616031,0.39761916,0.116423495,0.56907797],[0.51982635,0.30206293,0.09792177,0.2147324],[0.37713853,0.62330914,0.16756187,0.27970195]],"biases":[0.17838284,0.8203794,0.7657312,0.2651801]}]}