{"levels":[{"inputs":[0.18000104,0.18000104,0.18000104,0.18000104,0.18000104],"outputs":[0.0,0.0,0.0,0.0,1.0,1.0],"weights":[[0.4715246,0.12435834,0.10803303,0.26040766,0.24932632,0.12380618],[0.33772334,0.32364133,-0.036180146,0.3378728,0.38047907,0.18340951],[0.35853058,0.54241806,0.46517336,0.05305951,0.36006287,0.19006704],[0.3887854,0.074286476,0.11904499,0.3908075,0.21324837,0.49339956],[0.38193655,0.0949073,0.121415734,0.18501708,0.295605,0.48995578]],"biases":[0.49432847,0.34594083,0.23307529,0.49259558,0.11393269,0.06893421]},{"inputs":[0.0,0.0,0.0,0.0,1.0,1.0],"outputs":[1.0,0.0,1.0,1.0],"weights":[[0.104586154,0.08756253,0.6142453,0.009948488],[0.48429385,0.14272177,0.181542,0.4936445],[0.3990521,0.16857176,0.25855345,-0.008880675],[0.190072,-0.030258358,0.4219656,0.31763935],[0.1345625,0.55405533,0.0922256,0.3727481],[0.46810994,-0.021588527,0.46855852,0.3674633]],"biases":[0.49204966,0.61172634,0.24107087,0.3907416]}]}