{"levels":[{"inputs":[0.14760321,0.0,0.0,0.62207264,0.80722415],"outputs":[0.0,0.0,0.0,1.0,1.0,0.0],"weights":[[0.34967652,0.39470005,-0.1525493,0.25442117,-0.0355827,0.029666122],[0.076217666,0.47033054,0.05539938,0.41591537,-0.06784642,0.15007937],[0.0470898,0.40111044,0.0840994,0.15826385,0.1308522,0.4855501],[-0.1042863,-0.0009845719,-0.02337908,0.27279636,0.3489582,-0.06187582],[0.13197342,0.1004647,0.08882399,0.08186797,0.30114216,0.14874582]],"biases":[0.5519208,0.44570744,0.03532082,0.036630213,0.29254988,0.10853965]},{"inputs":[0.0,0.0,0.0,1.0,1.0,0.0],"outputs":[1.0,0.0,0.0,0.0],"weights":[[-0.040449336,0.085213825,0.24559554,-0.05371411],[0.23636079,0.24225965,0.32450092,0.37650222],[0.14290564,0.37013635,0.17449504,0.0014660656],[0.16478561,-0.068446934,-0.11389333,0.072294034],[0.37766516,-0.025699608,0.28476122,-0.07443915],[0.3687275,0.30370128,0.6312283,0.3262906]],"biases":[0.026068881,0.07952513,0.32277733,0.17893632]}]}