{"levels":[{"inputs":[0.0,0.0,0.0,0.0,0.0],"outputs":[0.0,0.0,0.0,0.0,0.0,0.0],"weights":[[0.022879798,0.31707758,0.11464592,0.22231968,-0.009105265,0.22674823],[-0.054314137,-0.020875648,0.12232974,0.15835294,-0.20237091,0.10586992],[0.112667456,0.031238165,0.11502596,-0.10014594,0.25265336,0.36821812],[-0.07231195,-0.00124868,0.1283064,0.24941109,0.0664283,0.33955407],[-0.015808687,0.15469243,-0.11348949,0.040293008,0.08834578,0.016230091]],"biases":[0.14654933,0.087234735,0.21930805,-0.3222378,0.11394632,0.3204673]},{"inputs":[0.0,0.0,0.0,0.0,0.0,0.0],"outputs":[0.0,0.0,0.0,0.0],"weights":[[0.12986559,0.15568969,-0.027206734,-0.022832625],[-0.017061679,0.117125064,0.2444591,0.03951884],[0.054939054,0.014200591,0.11985377,-0.10493179],[0.33222342,-0.0059984773,0.110105455,0.104392864],[0.09590071,0.0735103,-0.23870355,-0.011233408],[0.15063281,-0.12543859,0.1512395,0.1336801]],"biases":[0.131219,0.07601628,0.010451153,-0.05314781]}]}