{"levels":[{"inputs":[0.0,0.0,0.0,0.0,0.0,0.0,0.0,0.0],"outputs":[0.0,0.0,0.0,0.0,0.0,0.0,0.0,0.0,0.0],"weights":[[0.06051183,0.40454337,0.3919115,0.12574556,0.6892863,0.5116885,0.1573326,0.4933685,0.50911057],[-0.0066380687,0.17203876,0.3615071,0.29016355,0.49981347,0.29103836,0.30575794,0.28963608,0.29681882],[0.42882228,0.50117224,0.24796988,0.24489011,0.19440338,0.12813905,0.17426336,0.34744006,0.19139722],[0.25980127,0.25835946,0.3914189,0.379038,0.4372449,0.3743381,0.40492275,0.39827782,0.20288041],[-0.0126757575,0.36884317,0.21460354,0.09303674,0.14469752,0.17532937,0.1868717,0.3459325,0.087526836],[0.45532525,0.53141916,0.12676974,0.21734361,0.41966882,0.18227778,-0.043586556,0.057669435,0.22643068],[0.24369724,0.27004564,0.04774847,0.24375165,0.42566714,0.5271277,0.19746621,0.41079074,-0.011102101],[0.022283629,0.050976448,0.33165023,0.017508479,0.21906745,0.38282245,0.31301582,-0.03755241,0.51388556]],"biases":[0.17491569,0.1943324,0.5358331,0.409825,0.33372036,0.12683746,0.2508092,0.42680293,0.48197445]},{"inputs":[0.0,0.0,0.0,0.0,0.0,0.0,0.0,0.0,0.0],"outputs":[0.0,0.0,0.0,0.0],"weights":[[0.019231524,0.01672215,0.3097511,0.45598462],[0.13889936,-0.08939534,0.14563362,0.15499304],[0.007621996,0.0069394223,0.25253177,0.34184322],[0.21367632,0.17564104,-0.058687035,0.20926651],[0.05529757,0.11724452,0.09884654,0.19988184],[0.3958923,0.085325435,-0.01775613,0.28981173],[0.37908942,0.11481701,0.2691468,0.52657294],[0.011107899,0.026637712,-0.04716953,0.09240992],[0.5113355,0.04839345,0.30771777,0.51386136]],"biases":[0.591227,0.4301065,0.4278518,0.44843435]}]}