{"levels":[{"inputs":[0.0,0.0,0.0,0.0,0.0,0.0,0.0],"outputs":[0.0,0.0,0.0,0.0,0.0,0.0,0.0,0.0],"weights":[[0.11278915,0.21262926,0.31213683,0.052088097,0.036442496,0.35801318,0.16288061,0.2996748],[0.3141202,-0.04478886,0.11013538,0.3131392,0.10263849,0.31251067,0.19409607,-0.041794047],[0.20432797,0.23728782,0.060346276,0.033182573,0.29131457,0.20930019,0.33748865,0.2773948],[0.40050915,0.22001687,-0.025056204,0.24737112,0.34196168,0.03975146,0.044993453,0.41628468],[0.37525067,-0.0032590819,0.023910424,0.4090164,-0.029769272,0.48976418,0.2945576,0.44631818],[0.11630544,0.12941068,0.38160425,0.44616097,0.15135078,0.18252307,0.14221956,0.30514255],[0.13143557,0.061476693,0.25021377,-0.0022745088,0.11286646,0.013685938,0.06250639,0.26193497]],"biases":[0.06529698,0.24611187,0.18223406,0.33375058,0.23697375,0.2771198,0.232243,0.27116317]},{"inputs":[0.0,0.0,0.0,0.0,0.0,0.0,0.0,0.0],"outputs":[0.0,0.0,0.0,0.0],"weights":[[0.09037927,0.1350856,0.07200064,0.14664367],[-0.042374868,0.060379565,0.18190162,0.071113214],[0.22721186,-0.020980846,0.2255515,0.27367476],[0.06385748,0.33921835,0.21992594,0.065561794],[0.36468193,0.28596216,0.24340592,-0.05391838],[0.23416218,0.05564109,0.06287365,0.28961334],[-0.09190134,-0.12549594,-0.017746042,0.18376608],[0.13127914,0.058020953,0.06697963,0.047925144]],"biases":[0.44593003,0.48795614,0.32828355,0.3153251]}]}