{"levels":[{"inputs":[0.0,0.0,0.0,0.0,0.0],"outputs":[0.0,0.0,0.0,0.0,0.0,0.0],"weights":[[-0.011870702,0.18687305,0.037747104,0.124031916,0.010691103,-0.0363959],[-0.06384727,-0.14149189,0.1765041,0.15117933,-0.08221714,-0.040889964],[0.060445435,0.09364253,0.009618007,0.23606884,-0.16045226,0.10335975],[-0.062066577,-0.07168179,0.11934607,-0.38384354,0.130321,0.099362746],[0.06587088,-0.20556161,-0.06462121,0.26095998,-0.09192465,-0.008993963]],"biases":[-0.020399489,-0.18003432,-0.2735952,0.12098762,0.26742542,-0.23930079]},{"inputs":[0.0,0.0,0.0,0.0,0.0,0.0],"outputs":[0.0,0.0,0.0,0.0],"weights":[[0.15306449,-0.36749893,-0.105516285,-0.051937103],[0.2516445,-0.15234607,-0.37998006,-0.10155712],[-0.10864364,0.053080834,-0.1491952,0.010999173],[0.16291265,-0.012451105,0.18664517,-0.019787608],[0.06077261,-0.21570778,0.14479615,-0.09782584],[0.24852589,-0.09671105,-0.06341191,0.061007567]],"biases":[0.24437168,0.19583662,-0.110569604,0.06265957]}]}