{"levels":[{"inputs":[0.0,0.0,0.0,0.0,0.0,0.0,0.0],"outputs":[0.0,0.0,0.0,0.0,0.0,0.0,0.0,0.0],"weights":[[-0.007947397,0.7255946,0.027604127,0.053705942,0.2060056,0.5357944,0.41262576,0.2898046],[0.5497024,0.24686484,0.2602685,0.071885824,0.2732083,0.57058483,0.5098542,0.56351036],[0.43220013,0.42025268,0.35428798,0.18334451,0.423396,0.33236897,0.20973656,0.053170394],[0.33654603,0.13834493,0.22151746,0.3334401,0.66300666,0.37025228,0.06829813,0.48817608],[0.49047765,0.5233562,0.17824003,0.053245828,0.5769189,0.21360177,0.06182902,0.08217065],[0.6497292,0.25637454,0.39133358,0.4638138,0.19261092,0.22385013,0.38802147,0.23871252],[0.10085444,0.3876323,0.5841182,0.0071480055,0.7682098,0.41594955,0.32726237,0.34230015]],"biases":[0.5189832,0.045128465,0.51932204,0.10189326,0.4848907,0.61150205,0.59794337,0.53098065]},{"inputs":[0.0,0.0,0.0,0.0,0.0,0.0,0.0,0.0],"outputs":[0.0,0.0,0.0,0.0],"weights":[[0.02692989,0.5823779,0.31007516,0.75294274],[0.7456974,0.13535681,0.67918444,0.18836144],[0.22919707,0.26618496,0.36707938,0.055353634],[0.030141294,0.0520708,0.11219506,0.39507043],[0.30741408,0.28600687,0.6334488,0.40487134],[0.27865037,0.45131516,0.1709632,0.0015432276],[0.49645212,0.33640295,0.520842,0.027625307],[0.09601061,0.53619933,0.51490337,0.47335303]],"biases":[0.6673576,0.7071014,0.63654727,0.70301384]}]}