{"levels":[{"inputs":[0.0,0.0,0.0,0.0,0.0,0.0,0.0],"outputs":[0.0,0.0,0.0,0.0,0.0,0.0,0.0,0.0],"weights":[[0.024211947,0.38264748,0.20841889,0.18497777,0.5294341,-0.012563795,0.43049505,0.33279306],[0.0337208,0.18615356,0.5084767,0.13383955,0.32504225,0.54502666,0.5223388,0.07948365],[0.43789843,0.269962,0.32328793,0.4930655,0.2469809,0.30649674,0.40787637,0.5074036],[0.29511988,0.19055572,0.30930033,0.5633008,0.20007613,0.43753898,0.08140448,0.26728326],[0.25714716,0.23161127,0.0201549,-0.22933948,0.12543267,0.4097587,0.13213712,0.67660713],[0.33018193,0.42107067,0.34516388,0.30259284,0.089976944,0.45449314,0.019607693,-0.16023001],[0.15245487,0.3245147,-0.022608925,0.123366915,0.34346753,0.18710308,0.15149918,0.16562605]],"biases":[0.28906637,0.24048053,0.38877735,0.21301614,0.58892095,0.40983117,0.77624196,0.41055524]},{"inputs":[0.0,0.0,0.0,0.0,0.0,0.0,0.0,0.0],"outputs":[0.0,0.0,0.0,0.0],"weights":[[0.5559436,0.2969673,0.5481586,0.08052588],[0.33870426,0.16429013,0.18595341,0.5783675],[0.30681205,-0.1671889,-0.08377581,0.2926107],[0.23992306,0.112627186,0.14058185,0.44380757],[-0.17665835,0.11065643,0.28903744,-0.12046456],[0.2047086,0.26839954,0.20794399,0.15439534],[0.46078694,0.39572275,0.7028887,0.7136443],[0.003664732,0.28906327,0.2601416,0.17546412]],"biases":[0.17658767,0.47560486,0.037802942,0.5222366]}]}