{"levels":[{"inputs":[0.0,0.0,0.0,0.0,0.0],"outputs":[0.0,0.0,0.0,0.0,0.0,0.0],"weights":[[-0.009751435,0.031455424,0.024609882,0.05063057,-0.042200174,0.00813972],[-0.032557055,-0.07582901,0.05159665,0.06927404,-0.010753352,-0.01898997],[0.10429618,0.008323747,0.0653897,0.11134201,0.032945037,0.06203821],[-0.06476649,-0.03349885,-0.011823491,-0.1039133,0.10607382,0.044521723],[0.042221464,-0.016633725,-0.0463765,0.04930928,0.00016821851,0.044345587]],"biases":[-0.030583983,-0.03964402,-0.033390574,0.054456465,0.08738995,-0.10611047]},{"inputs":[0.0,0.0,0.0,0.0,0.0,0.0],"outputs":[0.0,0.0,0.0,0.0],"weights":[[-0.01984581,-0.01706678,-0.010203434,-0.02876059],[0.106402904,-0.022985201,-0.1947936,0.017937928],[0.028616864,-0.0417518,0.007171141,0.03367481],[0.1127118,-0.021366946,0.050899904,0.06739845],[0.050513208,-0.00029390864,-0.0007452597,-0.05174267],[-0.02672352,0.020035962,0.0717654,-0.018903604]],"biases":[0.020827772,0.069045894,-0.028465359,0.010058656]}]}