{"levels":[{"inputs":[0.0,0.0,0.0,0.0,0.0,0.0,0.0],"outputs":[0.0,0.0,0.0,0.0,0.0,0.0,0.0,0.0],"weights":[[0.018115837,0.09666256,0.145194,-0.012738817,0.039385032,0.13736716,0.045949154,0.09914334],[0.112699516,-0.06895457,0.025165124,0.16598509,0.0657337,0.11162055,0.060654968,0.047447745],[0.06920397,0.046409428,0.033117987,-0.0023420681,0.110984586,0.11096054,0.091196686,0.09717794],[0.19310553,0.12059677,-0.010323978,0.09615693,0.08915824,0.03591031,-0.038194362,0.18358591],[0.1921093,-0.008522564,0.06736893,0.19523288,-0.017339142,0.26004747,0.100624464,0.21123953],[0.075496085,0.10122028,0.18171975,0.13467455,0.08625871,0.10994753,0.08564262,0.1620064],[0.058247276,0.05020126,0.1408467,-0.02240654,0.06685783,0.019936904,-0.028657798,0.07814739]],"biases":[-0.008776208,0.11021694,0.056004267,0.14316607,0.098585084,0.079294465,0.08244085,0.12490213]},{"inputs":[0.0,0.0,0.0,0.0,0.0,0.0,0.0,0.0],"outputs":[0.0,0.0,0.0,0.0],"weights":[[-0.059397135,-0.012849789,0.017708223,0.070201896],[-0.011872578,-0.035913445,0.12519349,-0.016613016],[0.12813698,-0.018356219,0.1228306,0.09452751],[0.033790544,0.13180195,0.119451486,-0.06516741],[0.13650855,0.06160787,0.092944525,-0.029477408],[0.09669422,0.021239698,0.043593,0.0921907],[-0.060492262,-0.069796674,0.020524643,0.06962884],[0.028528744,0.04812949,0.07260748,0.15356071]],"biases":[0.16495956,0.20617433,0.205459,0.06275435]}]}